{
  "project_info": {
    "project_number": "900134353780",
    "firebase_url": "https://friendly-eats-2260a.firebaseio.com",
    "project_id": "friendly-eats-2260a",
    "storage_bucket": "friendly-eats-2260a.appspot.com"
  },
  "client": [
    {
      "client_info": {
        "mobilesdk_app_id": "1:900134353780:android:c1f0f09aa42eba16",
        "android_client_info": {
          "package_name": "com.google.firebase.example.fireeats"
        }
      },
      "oauth_client": [
        {
          "client_id": "900134353780-q65n28t8v3m2cas8b1peu9beitjv0guj.apps.googleusercontent.com",
          "client_type": 3
        }
      ],
      "api_key": [
        {
          "current_key": "AIzaSyAzlhe4MxZDz5W4BhJUjZp_CWgrUZULOnI"
        }
      ],
      "services": {
        "appinvite_service": {
          "other_platform_oauth_client": [
            {
              "client_id": "900134353780-q65n28t8v3m2cas8b1peu9beitjv0guj.apps.googleusercontent.com",
              "client_type": 3
            }
          ]
        }
      }
    }
  ],
  "configuration_version": "1"
}